时间,操作人,模块,内容,状态
2026-02-27 14:32:15,系统,设备管理,ROV-01 设备上线，初始化完成,success
2026-02-27 14:28:03,张海洋,巡检任务,启动区域A自动巡检任务,success
2026-02-27 14:15:42,系统,数据同步,云端数据同步完成，共上传 156 条记录,success
2026-02-27 13:58:21,李明,设备控制,调整机械臂抓取力度参数,success
2026-02-27 13:45:10,系统,报警系统,检测到水温异常波动，已发送预警通知,warning
2026-02-27 13:30:05,王工,系统配置,更新AI识别模型至v2.3.1版本,success
2026-02-27 12:22:18,系统,存储管理,存储空间使用率达到75%，建议清理历史数据,warning
2026-02-27 11:45:33,赵强,巡检任务,手动终止区域B巡检任务,success
2026-02-27 11:20:15,系统,设备管理,ROV-02 设备离线，信号中断,error
2026-02-27 10:55:42,系统,数据备份,每日自动备份完成，备份文件大小 2.3GB,success
2026-02-27 10:30:08,刘洋,用户管理,新增操作员账号 user_005,success
2026-02-27 09:45:22,系统,安全检测,漏水传感器自检通过,success
2026-02-27 09:15:10,陈工,设备控制,校准声呐探测模块参数,success
2026-02-27 08:30:45,系统,系统启动,系统完成每日自检，所有模块正常,success
2026-02-26 23:55:12,系统,定时任务,夜间数据清理任务执行完成,success
2026-02-26 22:30:08,系统,报警系统,探测深度超过安全阈值，触发自动上浮,warning
2026-02-26 21:15:33,王海,巡检任务,完成今日第8次巡检任务,success
2026-02-26 20:45:18,系统,网络监控,网络延迟恢复正常,success
2026-02-26 19:30:42,系统,网络监控,检测到网络延迟升高，正在切换备用通道,warning
2026-02-26 18:20:15,李强,设备控制,更换前置摄像头，重新校准,success
2026-02-26 17:05:28,系统,AI分析,海参检测任务完成，识别数量: 47只,success
2026-02-26 16:30:55,张明,数据导出,导出本周环境监测数据报告,success
2026-02-26 15:45:10,系统,存储管理,自动清理30天前的日志文件,success
2026-02-26 14:20:33,赵工,系统配置,修改报警阈值参数,success
2026-02-26 13:55:18,系统,设备管理,ROV-03 电池电量低于20%，建议充电,warning
